{
  "Predicted answers": [
    "Route 66",
    "Microsoft Windows XP",
    "06:36:55",
    "2011",
    "Streany",
    "CARLING",
    "PWM",
    "Kindergarten Theme Calendar",
    "365 Days of Beer 2016 Daily Calendar",
    "Pizza & Pasta",
    "Cups and ounces",
    "Jim Butcher",
    "Classic Motorboats 2013 Calendar",
    "thecomedysfestival.com",
    "2015",
    "Klaudeen Hansen",
    "Microsoft and Halo",
    "Angie Bailey",
    "Rachel Kramer Bussel",
    "Adidas",
    "Vitebsk Oblast",
    "HEALTH EXAMINATION AND CLINICAL OBSERVATION (CONDUCTED DURING QUARANTINE)",
    "ton of C per toe",
    "1796",
    "18.82",
    "74.3",
    "4.28 million",
    "Australia",
    "10,000",
    "21-49 years of age",
    "37.91",
    "Oct. 17",
    "Africa",
    "34.33 million U.S. dollars",
    "2.5, 1.25, 0.625",
    "Batteries",
    "5 014 million euros",
    "Marjorie Gestring",
    "22,920",
    "Millennials",
    "August 3, 1998",
    "UNIHAKKA INTERNATIONAL SDN BHD",
    "155.66 MYR",
    "39",
    "VICEROY KING BOX AND VICEROY LIGHTS KING BOX",
    "R. J. Reynolds",
    "880029",
    "11.3 g",
    "6 mg",
    "RM 14.20",
    "10-03-18",
    "43 g",
    "20.4g",
    "$220,416",
    "0.0 g",
    "11.5g",
    "NO 37, JALAN MANIS 7, TAMAN SEGAR, 56100 CHERAS, KUALA LUMPUR.",
    "269 kcal",
    "21205",
    "Full Flavor Box and Light Box",
    "$\\frac{3}{2}$",
    "$\\gamma = -\\frac{2}{3}x + \\frac{4}{3}$",
    "$x_1 = 0$",
    "$x = -\\frac{7}{3}$",
    "$-2^3 + \\frac{1}{(-3)^2} \\times \\left[ - \\left(\\frac{2}{3}\\right)^2 \\right]$",
    "$\\mathcal{O} \\mathcal{A} \\mathcal{D} \\mathcal{E} \\mathcal{S} \\mathcal{A} \\mathcal{C} \\mathcal{B} \\mathcal{E} \\mathcal{L} \\mathcal{S} \\mathcal{A} \\mathcal{S}$",
    "$t = \\frac{1}{2} c f$",
    "$10x(x+2) + 1x(x+2) = 8000 (cm)^3$",
    "$x = \\frac{11}{5}$",
    "$y^3 = 1$",
    "Allen",
    "GamboA",
    "7",
    "Security",
    "Artena",
    "WONDERS.",
    "Students",
    "Fahrenheit",
    "systems",
    "HIGH",
    "fitnuf",
    "eatst",
    "cstuk",
    "CVREIENIG",
    "yruo",
    "666",
    "27299",
    "8000",
    "2019",
    "13584",
    "selim",
    "Feel",
    "MacLeod",
    "hommage",
    "Vacuum",
    "Playin'",
    "CRUNCHY",
    "Fucks",
    "Rainbow",
    "appetit"
  ],
  "matches": [
    true,
    true,
    false,
    true,
    true,
    true,
    false,
    false,
    true,
    true,
    false,
    true,
    true,
    false,
    true,
    true,
    true,
    true,
    true,
    true,
    true,
    true,
    true,
    true,
    false,
    false,
    true,
    true,
    false,
    true,
    true,
    false,
    false,
    true,
    true,
    false,
    true,
    true,
    true,
    false,
    true,
    true,
    false,
    true,
    true,
    true,
    true,
    true,
    true,
    true,
    true,
    true,
    true,
    false,
    true,
    true,
    true,
    true,
    false,
    true,
    false,
    false,
    false,
    false,
    false,
    false,
    false,
    false,
    false,
    false,
    true,
    true,
    false,
    true,
    false,
    true,
    true,
    true,
    true,
    true,
    true,
    true,
    true,
    true,
    true,
    false,
    true,
    true,
    false,
    false,
    false,
    false,
    true,
    false,
    true,
    true,
    true,
    true,
    true,
    true
  ],
  "inf time": [
    2.2133171558380127,
    0.40541625022888184,
    0.676687479019165,
    0.43784093856811523,
    0.3189361095428467,
    0.324476957321167,
    0.2580733299255371,
    0.4311549663543701,
    0.9746556282043457,
    0.37371373176574707,
    0.37708210945129395,
    0.313093900680542,
    0.7357151508331299,
    0.5564839839935303,
    0.4314427375793457,
    0.4886147975921631,
    0.37384867668151855,
    0.37174391746520996,
    0.4408383369445801,
    0.259185791015625,
    0.4930136203765869,
    1.2086083889007568,
    0.559197187423706,
    0.8475396633148193,
    0.49546170234680176,
    0.43442320823669434,
    0.49634218215942383,
    0.26720452308654785,
    0.6777224540710449,
    0.7433211803436279,
    0.49552035331726074,
    0.49318671226501465,
    0.2548027038574219,
    0.8628664016723633,
    1.159461498260498,
    0.3131074905395508,
    0.6201765537261963,
    0.4531378746032715,
    0.5588037967681885,
    0.31769704818725586,
    0.7801613807678223,
    1.0781490802764893,
    0.6859478950500488,
    0.3095057010650635,
    0.9865708351135254,
    0.5049078464508057,
    0.568122386932373,
    0.48740553855895996,
    0.3111917972564697,
    0.629601240158081,
    0.6780800819396973,
    0.36884403228759766,
    0.49161553382873535,
    0.6834933757781982,
    0.4321894645690918,
    0.4910850524902344,
    2.1823441982269287,
    0.43870115280151367,
    0.5052895545959473,
    0.5648317337036133,
    0.6106281280517578,
    1.3349378108978271,
    0.6714699268341064,
    0.793860912322998,
    2.3596768379211426,
    4.111504316329956,
    0.9732542037963867,
    1.9459092617034912,
    0.853585958480835,
    0.6715450286865234,
    0.24928784370422363,
    0.37335896492004395,
    0.24960756301879883,
    0.25124669075012207,
    0.30755066871643066,
    0.4505000114440918,
    0.24952173233032227,
    0.311445951461792,
    0.25027942657470703,
    0.2521984577178955,
    0.37836289405822754,
    0.3073136806488037,
    0.31038570404052734,
    0.4304783344268799,
    0.37018728256225586,
    0.3691904544830322,
    0.4881870746612549,
    0.43004393577575684,
    0.4303450584411621,
    0.4918861389160156,
    0.30777788162231445,
    0.25071167945861816,
    0.3115110397338867,
    0.3119370937347412,
    0.2500734329223633,
    0.37343931198120117,
    0.3745269775390625,
    0.31556129455566406,
    0.2542691230773926,
    0.372638463973999
  ],
  "metrics": {
    "accuracy": 0.67
  }
}