{
  "Predicted answers": [
    "Route 66",
    "Microsoft Windows XP",
    "06:36:55",
    "2011",
    "Streany",
    "CARLING",
    "PWM",
    "Kindergarten Theme Calendar",
    "365 Days of Beer 2016 Daily Calendar",
    "Pizza & Pasta",
    "Cups and ounces",
    "Jim Butcher",
    "Classic Motorboats 2013 Calendar",
    "thecomedysfestival.com",
    "2015",
    "Klaudeen Hansen",
    "Microsoft and Halo",
    "Angie Bailey",
    "Rachel Kramer Bessel",
    "Adidas",
    "Vitebsk Oblast",
    "HEALTH EXAMINATION AND CLINICAL OBSERVATION (CONDUCTED DURING QUARANTINE)",
    "ton of C per toe",
    "1796",
    "18.82",
    "74.3",
    "4.28 million",
    "Australia",
    "10,000",
    "21-49 years of age",
    "37.91",
    "Oct. 17",
    "Africa",
    "34.33 million U.S. dollars",
    "2.5, 1.25, 0.625",
    "Plastic",
    "5 014 million euros",
    "Marjorie Gestring",
    "22,920",
    "Millennials",
    "August 3, 1998",
    "UNIHAKKA INTERNATIONAL SDN BHD",
    "155.66 MYR",
    "39",
    "VICEROY KING BOX AND VICEROY LIGHTS KING BOX",
    "R. J. Reynolds",
    "880029",
    "11.3 g",
    "6 mg",
    "RM 14.20",
    "10-03-18",
    "43 g",
    "20.4g",
    "$220,416",
    "0.0 g",
    "11.5g",
    "NO 37, JALAN MANIS 7, TAMAN SEGAR, 56100 CHERAS, KUALA LUMPUR.",
    "269 kcal",
    "21205",
    "Full Flavor Box and Light Box",
    "$\\frac{3}{2}$",
    "$\\gamma = -\\frac{2}{3}x + \\frac{4}{3}$",
    "$x_1 = 0$",
    "$x = -\\frac{7}{3}$",
    "$-2^3 + \\frac{1}{(-3)^2} \\times \\left[ - \\left(\\frac{2}{3}\\right)^2 \\right]$",
    "$\\mathcal{O} \\mathcal{A} \\mathcal{D} \\mathcal{E} \\mathcal{S} \\mathcal{A} \\mathcal{C} \\mathcal{B} \\mathcal{E} \\mathcal{L} \\mathcal{S} \\mathcal{A} \\mathcal{S}$",
    "$t = \\frac{1}{2} c f$",
    "$10x(x+2) + 1x(x+2) = 8000 (cm)^3$",
    "$x = \\frac{11}{5}$",
    "$y^3 = 1$",
    "Allen",
    "GamboA",
    "car",
    "Security",
    "Artena",
    "WONDERS.",
    "Students",
    "Fahrenheit",
    "systems",
    "HIGH",
    "fitnuf",
    "eatst",
    "cstuk",
    "CVREIENIG",
    "yruo",
    "666",
    "27299",
    "8000",
    "2019",
    "13584",
    "selim",
    "Feel",
    "MacLeod",
    "hommage",
    "Vacuum",
    "Playin'",
    "CRUNCHY",
    "Fucks",
    "Rainbow",
    "appetit"
  ],
  "matches": [
    true,
    true,
    false,
    true,
    true,
    true,
    false,
    false,
    true,
    true,
    false,
    true,
    true,
    false,
    true,
    true,
    true,
    true,
    false,
    true,
    true,
    true,
    true,
    true,
    false,
    false,
    true,
    true,
    false,
    true,
    true,
    false,
    false,
    true,
    true,
    true,
    true,
    true,
    true,
    false,
    true,
    true,
    false,
    true,
    true,
    true,
    true,
    true,
    true,
    true,
    true,
    true,
    true,
    false,
    true,
    true,
    true,
    true,
    false,
    true,
    false,
    false,
    false,
    false,
    false,
    false,
    false,
    false,
    false,
    false,
    true,
    true,
    false,
    true,
    false,
    true,
    true,
    true,
    true,
    true,
    true,
    true,
    true,
    true,
    true,
    false,
    true,
    true,
    false,
    false,
    false,
    false,
    true,
    false,
    true,
    true,
    true,
    true,
    true,
    true
  ],
  "inf time": [
    2.27974796295166,
    0.42148709297180176,
    0.6812703609466553,
    0.44112086296081543,
    0.3200409412384033,
    0.3274552822113037,
    0.26178455352783203,
    0.4340782165527344,
    0.9808080196380615,
    0.3758420944213867,
    0.38047266006469727,
    0.31241345405578613,
    0.7352471351623535,
    0.5582277774810791,
    0.4334676265716553,
    0.49700379371643066,
    0.37598490715026855,
    0.3735170364379883,
    0.38056278228759766,
    0.2565317153930664,
    0.4931347370147705,
    1.213083267211914,
    0.5607490539550781,
    0.841594934463501,
    0.498615026473999,
    0.43470072746276855,
    0.5025477409362793,
    0.26999759674072266,
    0.6766922473907471,
    0.7463405132293701,
    0.5569155216217041,
    0.5148611068725586,
    0.25368237495422363,
    0.8660459518432617,
    1.1692473888397217,
    0.2538173198699951,
    0.6333065032958984,
    0.4558732509613037,
    0.5628156661987305,
    0.3179466724395752,
    0.7793073654174805,
    1.0906798839569092,
    0.6875021457672119,
    0.3120901584625244,
    0.990814208984375,
    0.5051791667938232,
    0.5677127838134766,
    0.49076056480407715,
    0.31096744537353516,
    0.6303491592407227,
    0.6822006702423096,
    0.37139081954956055,
    0.4954855442047119,
    0.6902902126312256,
    0.43462109565734863,
    0.4928443431854248,
    2.206543207168579,
    0.4320051670074463,
    0.506962776184082,
    0.5649287700653076,
    0.6094341278076172,
    1.3350868225097656,
    0.6704075336456299,
    0.7897984981536865,
    2.3580257892608643,
    4.113450050354004,
    0.9693810939788818,
    1.9959332942962646,
    0.8494424819946289,
    0.670222282409668,
    0.24947786331176758,
    0.3731346130371094,
    0.24917125701904297,
    0.2502772808074951,
    0.30851244926452637,
    0.4488680362701416,
    0.24888920783996582,
    0.3120458126068115,
    0.2494220733642578,
    0.24890828132629395,
    0.3690030574798584,
    0.30882883071899414,
    0.3100883960723877,
    0.43306827545166016,
    0.37136173248291016,
    0.36911630630493164,
    0.4893763065338135,
    0.4297819137573242,
    0.428835391998291,
    0.48974084854125977,
    0.3099806308746338,
    0.2514612674713135,
    0.3102071285247803,
    0.3108811378479004,
    0.24831652641296387,
    0.3713259696960449,
    0.37377357482910156,
    0.31809496879577637,
    0.25362277030944824,
    0.37358784675598145
  ],
  "metrics": {
    "accuracy": 0.67
  }
}